date,Region,Latitude,Longitude,year,month,GWL,GWL+1,GWL+2,GWL+3,GWL+4,GWL+5,GWL+6,P,T,ET,NDVI
2002-01-15,NSW,-31.5812,143.494,2002,1,-0.8951046492755113,16.10892857142857,16.129354838709677,16.139666666666667,16.14709677419355,16.14428571428571,16.139545454545456,-0.6585629970295335,1.3247744135194903,-1.0394300609748013,-0.8951046492755099
2002-02-15,NSW,-31.5812,143.494,2002,2,-0.8224418151522186,16.129354838709677,16.139666666666667,16.14709677419355,16.14428571428571,16.139545454545456,16.151290322580646,0.8650563202837989,0.97591957317657,-0.9748499837673038,-0.8224418151522173
2002-03-15,NSW,-31.5812,143.494,2002,3,-0.7967961089910565,16.139666666666667,16.14709677419355,16.14428571428571,16.139545454545456,16.151290322580646,16.164210526315788,-0.642372371770526,0.7046277294760882,-0.9224181326289116,-0.7967961089910551
2002-04-15,NSW,-31.5812,143.494,2002,4,-0.7925218246308627,16.14709677419355,16.14428571428571,16.139545454545456,16.151290322580646,16.164210526315788,,-0.5924150326365447,-0.0037916918643576,-0.9255319027378948,-0.7925218246308614
2002-05-15,NSW,-31.5812,143.494,2002,5,-0.8341960971427511,16.14428571428571,16.139545454545456,16.151290322580646,16.164210526315788,,,-0.7633603570366873,-0.6905459956420402,-0.1791184703212825,-0.8341960971427498
2002-06-15,NSW,-31.5812,143.494,2002,6,-0.8245789573323152,16.139545454545456,16.151290322580646,16.164210526315788,,,,-0.694652010005609,-1.3409863289182191,0.3221652664593989,-0.8245789573323139
2002-07-15,NSW,-31.5812,143.494,2002,7,-0.8929675070954141,16.151290322580646,16.164210526315788,,,,16.2,-0.802553784287967,-1.3138144931623297,-0.3604126085562549,-0.8929675070954127
2002-08-15,NSW,-31.5812,143.494,2002,8,-1.0030303293704013,16.164210526315788,,,,16.2,,-0.7967282617154723,-0.941304881602928,-0.8367784158380304,-1.0030303293704
2002-09-15,NSW,-31.5812,143.494,2002,9,-1.1280531469060655,,,,16.2,,,-0.2262565302226845,-0.3285116537679522,-0.8566888354827314,-1.1280531469060644
2002-10-15,NSW,-31.5812,143.494,2002,10,-1.249870251171585,,,16.2,,,16.23,-0.8145038381037395,0.2736030962083208,-1.1161629602725454,-1.2498702511715831
2002-11-15,NSW,-31.5812,143.494,2002,11,-1.1825502724985348,,16.2,,,16.23,16.23,-0.7829788534225071,0.8819637061952145,-1.1146090074296384,-1.1825502724985335
2002-12-15,NSW,-31.5812,143.494,2002,12,-1.2338416848208584,16.2,,,16.23,16.23,16.23952380952381,-0.3640214812720049,1.0451443355395411,-1.1308055720783694,-1.233841684820857
2003-01-15,NSW,-31.5812,143.494,2003,1,-1.257350248801924,,,16.23,16.23,16.23952380952381,16.24,-0.813290192499873,1.316855993927902,-1.2860283372604555,-1.2573502488019226
2003-02-15,NSW,-31.5812,143.494,2003,2,-1.055390312782773,,16.23,16.23,16.23952380952381,16.24,16.24,0.8948320406732804,1.183180744748155,-0.6905724812071538,-1.0553903127827715
2003-03-15,NSW,-31.5812,143.494,2003,3,-0.6931447132563604,16.23,16.23,16.23952380952381,16.24,16.24,16.24,-0.8033385220781559,0.4018363858435991,-0.9067840456144456,-0.693144713256359
2003-04-15,NSW,-31.5812,143.494,2003,4,-0.3308991137299476,16.23,16.23952380952381,16.24,16.24,16.24,,0.3070628822677907,-0.242210705669831,-0.2951312509409361,-0.3308991137299462
2003-05-15,NSW,-31.5812,143.494,2003,5,0.4320606445646213,16.23952380952381,16.24,16.24,16.24,,16.25,0.2827559061195586,-0.8813205084869891,0.5328923329977875,0.4320606445646229
2003-06-15,NSW,-31.5812,143.494,2003,6,0.3764949478821038,16.24,16.24,16.24,,16.25,,-0.3318929386738816,-1.283217148197899,0.9029126821224164,0.3764949478821054
2003-07-15,NSW,-31.5812,143.494,2003,7,0.7237805521478387,16.24,16.24,,16.25,,,0.1834808415932381,-1.5384778767692238,0.4337626016692127,0.7237805521478403
2003-08-15,NSW,-31.5812,143.494,2003,8,1.090300436034445,16.24,,16.25,,,,1.6119157862357372,-1.3225725421296708,0.9490191648344288,1.0903004360344468
2003-09-15,NSW,-31.5812,143.494,2003,9,0.5613577464604795,,16.25,,,,16.276666666666667,-0.6321910963098455,-0.4867572274728534,0.5060630451883864,0.5613577464604812
2003-10-15,NSW,-31.5812,143.494,2003,10,-0.1770248767629755,16.25,,,,16.276666666666667,16.27,-0.32928738463899,0.0085794430869583,-0.2626215443674053,-0.177024876762974
2003-11-15,NSW,-31.5812,143.494,2003,11,-0.4698133554362417,,,,16.276666666666667,16.27,16.28258064516129,0.7713902435530791,0.860646945501122,-0.5646489298108492,-0.4698133554362403
2003-12-15,NSW,-31.5812,143.494,2003,12,-0.1193220379003609,,,16.276666666666667,16.27,16.28258064516129,16.285666666666668,-0.260300575124303,1.052520122316473,-0.8132007150924939,-0.1193220379003594
2004-01-15,NSW,-31.5812,143.494,2004,1,-0.5798761777112283,,16.276666666666667,16.27,16.28258064516129,16.285666666666668,16.293548387096774,-0.6832386902449389,1.3252478215717791,-1.0745244378504812,-0.5798761777112269
2004-02-15,NSW,-31.5812,143.494,2004,2,-0.6300990189435037,16.276666666666667,16.27,16.28258064516129,16.285666666666668,16.293548387096774,16.300645161290323,-0.444219763848324,1.4205859507435432,-1.2369865880504485,-0.6300990189435023
2004-03-15,NSW,-31.5812,143.494,2004,3,-0.6258247345833106,16.27,16.28258064516129,16.285666666666668,16.293548387096774,16.300645161290323,16.307,-0.8011075315432709,0.7153508684717964,-1.09003383709436,-0.6258247345833091
2004-04-15,NSW,-31.5812,143.494,2004,4,-0.6418533009340368,16.28258064516129,16.285666666666668,16.293548387096774,16.300645161290323,16.307,16.318387096774195,-0.7995913522013234,-0.088158812730015,-0.7441374603771634,-0.6418533009340354
2004-05-15,NSW,-31.5812,143.494,2004,5,-0.2699905615971875,16.285666666666668,16.293548387096774,16.300645161290323,16.307,16.318387096774195,16.326666666666664,0.6406954944955477,-1.0640738811252315,0.0566930581967528,-0.2699905615971861
2004-06-15,NSW,-31.5812,143.494,2004,6,0.5025863365078166,16.293548387096774,16.300645161290323,16.307,16.318387096774195,16.326666666666664,16.333225806451612,0.1264651110940899,-1.425505297649711,1.2085603764822062,0.5025863365078183
2004-07-15,NSW,-31.5812,143.494,2004,7,0.8680376493043748,16.300645161290323,16.307,16.318387096774195,16.326666666666664,16.333225806451612,16.307096774193546,-0.3944372049882319,-1.5649641640720404,0.9459588301246716,0.8680376493043765
2004-08-15,NSW,-31.5812,143.494,2004,8,-0.0541392014074076,16.307,16.318387096774195,16.326666666666664,16.333225806451612,16.307096774193546,16.317857142857143,0.1025310776832874,-1.0083055193428845,0.3145667352339353,-0.0541392014074061
2004-09-15,NSW,-31.5812,143.494,2004,9,-0.5264476232088076,16.318387096774195,16.326666666666664,16.333225806451612,16.307096774193546,16.317857142857143,16.338709677419356,0.5291040793837462,-0.5637954557554429,-0.3407854225208655,-0.5264476232088061
2004-10-15,NSW,-31.5812,143.494,2004,10,-0.6429218720240851,16.326666666666664,16.333225806451612,16.307096774193546,16.317857142857143,16.338709677419356,16.349666666666668,-0.7983530502459246,0.362094673076702,-0.7142893492488334,-0.6429218720240837
2004-11-15,NSW,-31.5812,143.494,2004,11,-0.6984875687066026,16.333225806451612,16.307096774193546,16.317857142857143,16.338709677419356,16.349666666666668,16.353870967741933,0.1183422616596902,0.8488921342405162,-0.8893932204204885,-0.6984875687066011
2004-12-15,NSW,-31.5812,143.494,2004,12,-0.8352646682327994,16.307096774193546,16.317857142857143,16.338709677419356,16.349666666666668,16.353870967741933,16.323666666666664,-0.6323920031348211,1.144361284460482,-1.080093067899592,-0.8352646682327981
2005-01-15,NSW,-31.5812,143.494,2005,1,-0.9602874857684646,16.317857142857143,16.338709677419356,16.349666666666668,16.353870967741933,16.323666666666664,16.31483870967742,-0.8050153829742863,1.334008103595972,-1.1954240948873822,-0.9602874857684632
2005-02-15,NSW,-31.5812,143.494,2005,2,-1.0083731848206432,16.338709677419356,16.349666666666668,16.353870967741933,16.323666666666664,16.31483870967742,16.309677419354838,-0.756802686457401,1.0190332017876,-1.1033637176489273,-1.008373184820642
2005-03-15,NSW,-31.5812,143.494,2005,3,-0.9880703341097232,16.349666666666668,16.353870967741933,16.323666666666664,16.31483870967742,16.309677419354838,16.330666666666666,-0.7966991976705583,0.6547211419260828,-1.0900864230656218,-0.988070334109722
2005-04-15,NSW,-31.5812,143.494,2005,4,-0.9688360544888516,16.353870967741933,16.323666666666664,16.31483870967742,16.309677419354838,16.330666666666666,16.343870967741935,-0.8003189687910285,0.226275689320552,-1.082223847563926,-0.96883605448885
2005-05-15,NSW,-31.5812,143.494,2005,5,-0.8748017985645912,16.323666666666664,16.31483870967742,16.309677419354838,16.330666666666666,16.343870967741935,16.362333333333332,-0.764946102443648,-0.8344821410494625,-0.5605435852685062,-0.8748017985645898
2005-06-15,NSW,-31.5812,143.494,2005,6,0.1285864549908714,16.31483870967742,16.309677419354838,16.330666666666666,16.343870967741935,16.362333333333332,16.37741935483871,3.2244807851964747,-1.3178764235732412,1.1610618506322328,0.128586454990873
2005-07-15,NSW,-31.5812,143.494,2005,7,1.2698203791625793,16.309677419354838,16.330666666666666,16.343870967741935,16.362333333333332,16.37741935483871,16.38967741935484,0.12775110673315,-1.378434692299739,1.2244372696985188,1.269820379162581
2005-08-15,NSW,-31.5812,143.494,2005,8,1.992174436035308,16.330666666666666,16.343870967741935,16.362333333333332,16.37741935483871,16.38967741935484,16.404999999999998,0.1737971725618305,-1.2148521127223328,0.9279537632822824,1.9921744360353104
2005-09-15,NSW,-31.5812,143.494,2005,9,0.8904776421953908,16.343870967741935,16.362333333333332,16.37741935483871,16.38967741935484,16.404999999999998,16.413870967741936,0.6716850026957583,-0.6307670637563427,0.5696405683619491,0.8904776421953926
2005-10-15,NSW,-31.5812,143.494,2005,10,-0.1556534549620072,16.362333333333332,16.37741935483871,16.38967741935484,16.404999999999998,16.413870967741936,16.42066666666667,-0.6175838808286898,0.3466151229895999,-0.1378082720305841,-0.1556534549620057
2005-11-15,NSW,-31.5812,143.494,2005,11,-0.5766704644410829,16.37741935483871,16.38967741935484,16.404999999999998,16.413870967741936,16.42066666666667,16.42774193548387,-0.6014215274951102,0.897545976897434,-0.7137705957507807,-0.5766704644410815
2005-12-15,NSW,-31.5812,143.494,2005,12,-0.7219961326876675,16.38967741935484,16.404999999999998,16.413870967741936,16.42066666666667,16.42774193548387,16.435,-0.7108500475639452,1.333416343530606,-1.2077575402978122,-0.721996132687666
2006-01-15,NSW,-31.5812,143.494,2006,1,-0.8128246753417828,16.404999999999998,16.413870967741936,16.42066666666667,16.42774193548387,16.435,16.434516129032257,-0.3490253810538495,1.736293295198852,-1.214553343699725,-0.8128246753417815
2006-02-15,NSW,-31.5812,143.494,2006,2,-0.8106875331616862,16.413870967741936,16.42066666666667,16.42774193548387,16.435,16.434516129032257,16.437741935483874,-0.7753599934151512,1.159664423056399,-1.1809193017987802,-0.8106875331616848
2006-03-15,NSW,-31.5812,143.494,2006,3,-0.7626018341095074,16.42066666666667,16.42774193548387,16.435,16.434516129032257,16.437741935483874,16.449333333333335,-0.257206851473882,0.8829864462327097,-0.7218994049934091,-0.7626018341095061
2006-04-15,NSW,-31.5812,143.494,2006,4,-0.765807547379653,16.42774193548387,16.435,16.434516129032257,16.437741935483874,16.449333333333335,16.46,-0.6969396493137019,-0.4761144785237649,-0.3143637828363395,-0.7658075473796516
2006-05-15,NSW,-31.5812,143.494,2006,5,-0.8149618175218799,16.435,16.434516129032257,16.437741935483874,16.449333333333335,16.46,16.471,-0.8139259320279351,-0.9539037883529916,0.0496034910349855,-0.8149618175218786
2006-06-15,NSW,-31.5812,143.494,2006,6,-0.2176305781848155,16.434516129032257,16.437741935483874,16.449333333333335,16.46,16.471,16.481612903225805,1.068206918171325,-1.6295843632094498,1.2069068793844264,-0.2176305781848141
2006-07-15,NSW,-31.5812,143.494,2006,7,1.096711862574736,16.437741935483874,16.449333333333335,16.46,16.471,16.481612903225805,16.493225806451612,0.8638133773405005,-1.4822294077640377,1.1088090828406574,1.096711862574738
2006-08-15,NSW,-31.5812,143.494,2006,8,0.8883405000152942,16.449333333333335,16.46,16.471,16.481612903225805,16.493225806451612,16.5075,-0.8000218482798724,-1.032627974557638,0.2591552188581121,0.888340500015296
2006-09-15,NSW,-31.5812,143.494,2006,9,-0.2988419810284951,16.46,16.471,16.481612903225805,16.493225806451612,16.5075,16.52193548387097,-0.7408027042267009,-0.1610882164078305,-0.3790973031800675,-0.2988419810284937
2006-10-15,NSW,-31.5812,143.494,2006,10,-0.7027618530667963,16.471,16.481612903225805,16.493225806451612,16.5075,16.52193548387097,16.529666666666667,-0.7948680153077581,0.426828758113485,-0.8919385162647021,-0.7027618530667948
2006-11-15,NSW,-31.5812,143.494,2006,11,-0.8042761066213958,16.481612903225805,16.493225806451612,16.5075,16.52193548387097,16.529666666666667,16.53516129032258,-0.7679056717991777,0.8851346469228112,-1.114515820375363,-0.8042761066213945
2006-12-15,NSW,-31.5812,143.494,2006,12,-0.884418938375027,16.493225806451612,16.5075,16.52193548387097,16.529666666666667,16.53516129032258,16.53066666666667,-0.3561633540308748,1.186103816165352,-1.1626735145121476,-0.8844189383750257
2007-01-15,NSW,-31.5812,143.494,2007,1,-0.8384703815029448,16.5075,16.52193548387097,16.529666666666667,16.53516129032258,16.53066666666667,16.524516129032257,-0.0662402320074456,1.1071585573325096,-0.9962747631220424,-0.8384703815029435
2007-02-15,NSW,-31.5812,143.494,2007,2,-0.8245789573323152,16.52193548387097,16.529666666666667,16.53516129032258,16.53066666666667,16.524516129032257,16.53258064516129,-0.7055378731492009,1.341200779711168,-1.2340645882378116,-0.8245789573323139
2007-03-15,NSW,-31.5812,143.494,2007,3,-0.771150402829895,16.529666666666667,16.53516129032258,16.53066666666667,16.524516129032257,16.53258064516129,16.53666666666667,0.5800058985414219,0.6267498718177456,-0.8965124408821173,-0.7711504028298937
2007-04-15,NSW,-31.5812,143.494,2007,4,-0.6343733033036976,16.53516129032258,16.53066666666667,16.524516129032257,16.53258064516129,16.53666666666667,16.53806451612903,-0.2333996970774931,-0.0677285756055396,-0.734589910373789,-0.6343733033036961
2007-05-15,NSW,-31.5812,143.494,2007,5,0.5912777369818348,16.53066666666667,16.524516129032257,16.53258064516129,16.53666666666667,16.53806451612903,16.53633333333333,1.8512455802958585,-0.8483583563179592,0.4959744720742036,0.5912777369818365
2007-06-15,NSW,-31.5812,143.494,2007,6,1.5540602891154571,16.524516129032257,16.53258064516129,16.53666666666667,16.53806451612903,16.53633333333333,16.54032258064516,-0.1861512228648224,-1.62064097052352,1.3820134374110806,1.5540602891154591
2007-07-15,NSW,-31.5812,143.494,2007,7,1.5893231350870547,16.53258064516129,16.53666666666667,16.53806451612903,16.53633333333333,16.54032258064516,16.491612903225807,-0.792375649082451,-1.4303465649014164,0.9843044932160392,1.5893231350870567
2007-08-15,NSW,-31.5812,143.494,2007,8,0.4512949241854924,16.53666666666667,16.53806451612903,16.53633333333333,16.54032258064516,16.491612903225807,16.457241379310343,-0.4821499741806566,-0.9009557773727168,0.2040060809477805,0.451294924185494
2007-09-15,NSW,-31.5812,143.494,2007,9,-0.3704362440617388,16.53806451612903,16.53633333333333,16.54032258064516,16.491612903225807,16.457241379310343,16.45806451612903,-0.8160721945953701,-0.2699363395246266,-0.7380171630986913,-0.3704362440617373
2007-10-15,NSW,-31.5812,143.494,2007,10,-0.6429218720240851,16.53633333333333,16.54032258064516,16.491612903225807,16.457241379310343,16.45806451612903,16.483,-0.0121782401472099,0.3116856477353585,-0.7513216622639322,-0.6429218720240837
2007-11-15,NSW,-31.5812,143.494,2007,11,-0.8416760947730904,16.54032258064516,16.491612903225807,16.457241379310343,16.45806451612903,16.483,16.49806451612903,0.4060507198630975,0.8194671441225557,-0.4150889093778475,-0.841676094773089
2007-12-15,NSW,-31.5812,143.494,2007,12,-0.8267160995124124,16.491612903225807,16.457241379310343,16.45806451612903,16.483,16.49806451612903,16.507333333333335,0.6739193724387159,1.199754492691961,-0.9871413649726009,-0.8267160995124111
2008-01-15,NSW,-31.5812,143.494,2008,1,-0.6151390236828264,16.457241379310343,16.45806451612903,16.483,16.49806451612903,16.507333333333335,16.510645161290324,1.182952743667819,1.3735041801093215,-0.6406395123051232,-0.6151390236828249
2008-02-15,NSW,-31.5812,143.494,2008,2,-0.2582362796066551,16.45806451612903,16.483,16.49806451612903,16.507333333333335,16.510645161290324,16.52548387096774,-0.2242010544181528,0.6896305196686777,-0.4127754698936988,-0.2582362796066536
2008-03-15,NSW,-31.5812,143.494,2008,3,-0.6204818791330684,16.483,16.49806451612903,16.507333333333335,16.510645161290324,16.52548387096774,16.536,-0.3683811360431664,0.8213138821378486,-0.986200417402888,-0.620481879133067
2008-04-15,NSW,-31.5812,143.494,2008,4,-0.6835275734459245,16.49806451612903,16.507333333333335,16.510645161290324,16.52548387096774,16.536,16.550967741935484,-0.6857028771266204,-0.2211976407073926,-0.5801729774503618,-0.6835275734459231
2008-05-15,NSW,-31.5812,143.494,2008,5,-0.7155847061473771,16.507333333333335,16.510645161290324,16.52548387096774,16.536,16.550967741935484,16.55933333333333,-0.7456324321639206,-0.7574908069607361,-0.0116499782849289,-0.7155847061473757
2008-06-15,NSW,-31.5812,143.494,2008,6,-0.1556534549620072,16.510645161290324,16.52548387096774,16.536,16.550967741935484,16.55933333333333,16.57225806451613,0.2992249966291155,-1.415286829502194,1.4882195986161575,-0.1556534549620057
2008-07-15,NSW,-31.5812,143.494,2008,7,-0.3586819620712063,16.52548387096774,16.536,16.550967741935484,16.55933333333333,16.57225806451613,16.59741935483871,-0.6453594872278662,-1.4713566539593497,0.7967761748613916,-0.3586819620712049
2008-08-15,NSW,-31.5812,143.494,2008,8,-0.6322361611236009,16.536,16.550967741935484,16.55933333333333,16.57225806451613,16.59741935483871,16.598928571428573,-0.4316518634732176,-1.3310313614790568,0.5401856937667118,-0.6322361611235995
2008-09-15,NSW,-31.5812,143.494,2008,9,-0.9057903601759952,16.550967741935484,16.55933333333333,16.57225806451613,16.59741935483871,16.598928571428573,16.59,-0.4920296558741628,-0.3003773705095325,-0.4685770715206463,-0.905790360175994
2008-10-15,NSW,-31.5812,143.494,2008,10,-1.157973137427421,16.55933333333333,16.57225806451613,16.59741935483871,16.598928571428573,16.59,16.604,-0.6777677603427104,0.2877249477303648,-0.8953520098730476,-1.1579731374274196
2008-11-15,NSW,-31.5812,143.494,2008,11,-1.207127407569648,16.57225806451613,16.59741935483871,16.598928571428573,16.59,16.604,16.606774193548386,0.9431330994636924,0.3982344651438731,-0.6881264756210697,-1.2071274075696468
2008-12-15,NSW,-31.5812,143.494,2008,12,-0.9303674952471086,16.59741935483871,16.598928571428573,16.59,16.604,16.606774193548386,16.599666666666668,0.0514942991619535,0.947251589330897,-0.8534672188659896,-0.9303674952471072
2009-01-15,NSW,-31.5812,143.494,2009,1,-1.0842417322140807,16.598928571428573,16.59,16.604,16.606774193548386,16.599666666666668,16.610322580645164,-0.6195111038886024,1.2078537898884327,-1.2090781762196616,-1.0842417322140794
2009-02-15,NSW,-31.5812,143.494,2009,2,-1.133396002356308,16.59,16.604,16.606774193548386,16.599666666666668,16.610322580645164,16.629032258064516,-0.0252530704314804,1.399360745380312,-0.8900183311459934,-1.1333960023563066
2009-03-15,NSW,-31.5812,143.494,2009,3,-1.046841744062386,16.604,16.606774193548386,16.599666666666668,16.610322580645164,16.629032258064516,16.642999999999997,0.0418447205980551,0.5742261416390494,-1.063818439046692,-1.0468417440623847
2009-04-15,NSW,-31.5812,143.494,2009,4,-1.09813315638471,16.606774193548386,16.599666666666668,16.610322580645164,16.629032258064516,16.642999999999997,16.639032258064518,-0.5939161925872821,-0.1947247517456843,-0.5854228763724232,-1.0981331563847083
2009-05-15,NSW,-31.5812,143.494,2009,5,-0.9357103506973506,16.599666666666668,16.610322580645164,16.629032258064516,16.642999999999997,16.639032258064518,16.631999999999998,0.1982673211186712,-0.8236183194721781,0.5090743804007541,-0.9357103506973492
2009-06-15,NSW,-31.5812,143.494,2009,6,-0.4804990663367259,16.610322580645164,16.629032258064516,16.642999999999997,16.639032258064518,16.631999999999998,16.636451612903226,-0.0134381406676138,-1.3872240040629829,1.044670338136398,-0.4804990663367245
2009-07-15,NSW,-31.5812,143.494,2009,7,-0.5050762014078393,16.629032258064516,16.642999999999997,16.639032258064518,16.631999999999998,16.636451612903226,16.605806451612903,-0.4610119629624646,-1.3885459737184331,0.957728823918935,-0.5050762014078378
2009-08-15,NSW,-31.5812,143.494,2009,8,-1.000893187190304,16.642999999999997,16.639032258064518,16.631999999999998,16.636451612903226,16.605806451612903,16.513928571428572,-0.7251483293617411,-0.9464409123588904,-0.3952069416617388,-1.0008931871903026
2009-09-15,NSW,-31.5812,143.494,2009,9,-1.3171902298446352,16.639032258064518,16.631999999999998,16.636451612903226,16.605806451612903,16.513928571428572,16.496451612903225,-0.4913444730711534,-0.3846841988402318,-0.2511919292639094,-1.317190229844634
2009-10-15,NSW,-31.5812,143.494,2009,10,-1.2648302464322627,16.631999999999998,16.636451612903226,16.605806451612903,16.513928571428572,16.496451612903225,16.449333333333335,-0.6287555905324346,0.0296193047316018,-0.563244694672738,-1.2648302464322614
2009-11-15,NSW,-31.5812,143.494,2009,11,-1.365275928896814,16.636451612903226,16.605806451612903,16.513928571428572,16.496451612903225,16.449333333333335,16.416774193548388,0.4716759057592309,1.185429432996528,-1.0091768439158957,-1.3652759288968126
2009-12-15,NSW,-31.5812,143.494,2009,12,-1.1451502843468402,16.605806451612903,16.513928571428572,16.496451612903225,16.449333333333335,16.416774193548388,16.432666666666666,-0.2537881979085122,1.1218275077829087,-0.9454993350343264,-1.1451502843468389
2010-01-15,NSW,-31.5812,143.494,2010,1,-1.2744473862426986,16.513928571428572,16.496451612903225,16.449333333333335,16.416774193548388,16.432666666666666,16.445806451612903,-0.6738390672707035,1.3655902266314384,-1.209111202822995,-1.2744473862426973
2010-02-15,NSW,-31.5812,143.494,2010,2,-0.3533391066209643,16.496451612903225,16.449333333333335,16.416774193548388,16.432666666666666,16.445806451612903,16.456451612903226,4.620122361144984,0.8254785331638773,0.4286695953149607,-0.3533391066209628
2010-03-15,NSW,-31.5812,143.494,2010,3,1.988968722765162,16.449333333333335,16.416774193548388,16.432666666666666,16.445806451612903,16.456451612903226,16.436,1.2891406523350062,0.2470609824842435,0.6127589473599397,1.988968722765164
2010-04-15,NSW,-31.5812,143.494,2010,4,1.073518201665394,16.416774193548388,16.432666666666666,16.445806451612903,16.456451612903226,16.436,16.42225806451613,-0.1011614082931909,-0.351333494779232,0.5225209114829408,1.073518201665396
2010-05-15,NSW,-31.5812,143.494,2010,5,0.9428376256077634,16.432666666666666,16.445806451612903,16.456451612903226,16.436,16.42225806451613,16.377666666666666,0.0994043065909346,-0.8378875527463506,0.7098667650900686,0.9428376256077652
2010-06-15,NSW,-31.5812,143.494,2010,6,0.9161233483565536,16.445806451612903,16.456451612903226,16.436,16.42225806451613,16.377666666666666,16.328709677419354,-0.5885604776099762,-1.4149786676568352,1.6804125620652943,0.9161233483565552
2010-07-15,NSW,-31.5812,143.494,2010,7,1.1480032748970592,16.456451612903226,16.436,16.42225806451613,16.377666666666666,16.328709677419354,16.26516129032258,1.8641619698597045,-1.5326920264697954,1.7359441961172444,1.148003274897061
2010-08-15,NSW,-31.5812,143.494,2010,8,1.6053517014377816,16.436,16.42225806451613,16.377666666666666,16.328709677419354,16.26516129032258,16.184285714285714,-0.3817743804315068,-1.3460330374001663,1.8753298865693844,1.6053517014377836
2010-09-15,NSW,-31.5812,143.494,2010,9,1.6224488388785554,16.42225806451613,16.377666666666666,16.328709677419354,16.26516129032258,16.184285714285714,16.10451612903226,0.5632605284422958,-0.7088726932134258,1.7825881808741595,1.6224488388785574
2010-10-15,NSW,-31.5812,143.494,2010,10,1.0625175876931858,16.377666666666666,16.328709677419354,16.26516129032258,16.184285714285714,16.10451612903226,16.099,3.176415503311465,-0.0032579912771045,1.6645153720606556,1.0625175876931876
2010-11-15,NSW,-31.5812,143.494,2010,11,1.0486261635225569,16.328709677419354,16.26516129032258,16.184285714285714,16.10451612903226,16.099,16.140967741935484,2.5297573263057,0.1826015634400708,2.6940131033822,1.0486261635225584
2010-12-15,NSW,-31.5812,143.494,2010,12,1.357443208546549,16.26516129032258,16.184285714285714,16.10451612903226,16.099,16.140967741935484,16.172,0.1259576517033527,0.7351491505076062,1.3082918232300649,1.357443208546551
2011-01-15,NSW,-31.5812,143.494,2011,1,0.9086433507262144,16.184285714285714,16.10451612903226,16.099,16.140967741935484,16.172,16.190322580645162,4.167855449698271,1.1484902065769036,0.7334794845475048,0.908643350726216
2011-02-15,NSW,-31.5812,143.494,2011,2,2.231689712388202,16.10451612903226,16.099,16.140967741935484,16.172,16.190322580645162,16.206774193548387,2.295805775866988,0.6990160576109861,2.047241580697404,2.231689712388204
2011-03-15,NSW,-31.5812,143.494,2011,3,2.5221856966993226,16.099,16.140967741935484,16.172,16.190322580645162,16.206774193548387,16.233,1.9075597388549763,0.1107507262210066,2.0968866983296874,2.5221856966993244
2011-04-15,NSW,-31.5812,143.494,2011,4,2.614082810443487,16.140967741935484,16.172,16.190322580645162,16.206774193548387,16.233,16.255483870967744,-0.4534477413806321,-0.3466396092796479,1.3203579594665515,2.614082810443489
2011-05-15,NSW,-31.5812,143.494,2011,5,2.1695572369833447,16.172,16.190322580645162,16.206774193548387,16.233,16.255483870967744,16.27166666666667,-0.1198926990889171,-1.15696457998894,1.384456511534922,2.1695572369833465
2011-06-15,NSW,-31.5812,143.494,2011,6,1.7870087867460125,16.190322580645162,16.206774193548387,16.233,16.255483870967744,16.27166666666667,16.26225806451613,-0.7693120895222498,-1.3989944467215427,1.379163281525714,1.7870087867460145
2011-07-15,NSW,-31.5812,143.494,2011,7,1.4119403341390184,16.206774193548387,16.233,16.255483870967744,16.27166666666667,16.26225806451613,16.18,-0.3091020400442152,-1.4086412523153469,1.1773448221454683,1.4119403341390202
2011-08-15,NSW,-31.5812,143.494,2011,8,0.8488033696835012,16.233,16.255483870967744,16.27166666666667,16.26225806451613,16.18,16.09448275862069,-0.4468652972837501,-0.8336112488778006,0.7134094098809054,0.848803369683503
2011-09-15,NSW,-31.5812,143.494,2011,9,0.3412321019105059,16.255483870967744,16.27166666666667,16.26225806451613,16.18,16.09448275862069,16.024516129032257,-0.3742134623542806,-0.3371446515516699,0.434274895797648,0.3412321019105074
2011-10-15,NSW,-31.5812,143.494,2011,10,0.0046322085452552,16.27166666666667,16.26225806451613,16.18,16.09448275862069,16.024516129032257,15.951,-0.1975683508198936,0.080526301750591,-0.4227828306029496,0.0046322085452567
2011-11-15,NSW,-31.5812,143.494,2011,11,-0.0423849194168751,16.26225806451613,16.18,16.09448275862069,16.024516129032257,15.951,15.961935483870969,1.7691086301544654,0.5716491940336708,-0.1328029284222251,-0.0423849194168736
2011-12-15,NSW,-31.5812,143.494,2011,12,0.4279291162636083,16.18,16.09448275862069,16.024516129032257,15.951,15.961935483870969,15.994333333333335,0.5453346304753371,0.952403251484814,-0.2037726558640305,0.4279291162636099
2012-01-15,NSW,-31.5812,143.494,2012,1,0.017455061625836,16.09448275862069,16.024516129032257,15.951,15.961935483870969,15.994333333333335,16.036129032258064,1.3889827933981416,1.0749199155830198,-0.2433467128206887,0.0174550616258375
2012-02-15,NSW,-31.5812,143.494,2012,2,0.517483351154149,16.024516129032257,15.951,15.961935483870969,15.994333333333335,16.036129032258064,16.04774193548387,2.801939656412176,0.8916775034945347,0.7140833919310514,0.5174833511541507
2012-03-15,NSW,-31.5812,143.494,2012,3,1.789470504760166,15.951,15.961935483870969,15.994333333333335,16.036129032258064,16.04774193548387,16.066666666666666,3.580789272822554,0.1437620056407385,1.607539512272687,1.789470504760168
2012-04-15,NSW,-31.5812,143.494,2012,4,1.968459323796204,15.961935483870969,15.994333333333335,16.036129032258064,16.04774193548387,16.066666666666666,16.08741935483871,-0.7968172384156201,-0.2148535261953592,1.046083213146206,1.9684593237962047
2012-05-15,NSW,-31.5812,143.494,2012,5,1.6459574028596216,15.994333333333335,16.036129032258064,16.04774193548387,16.066666666666666,16.08741935483871,16.105666666666668,-0.781265225708809,-0.9352309669697936,0.7743591235932337,1.6459574028596236
2012-06-15,NSW,-31.5812,143.494,2012,6,1.2943975142336923,16.036129032258064,16.04774193548387,16.066666666666666,16.08741935483871,16.105666666666668,16.129032258064516,0.104950557017934,-1.5571328336976211,1.6218427411421104,1.2943975142336943
2012-07-15,NSW,-31.5812,143.494,2012,7,1.2217346801104,16.04774193548387,16.066666666666666,16.08741935483871,16.105666666666668,16.129032258064516,16.15032258064516,0.6433523551178962,-1.5121389712185425,1.5550528874967868,1.221734680110402
2012-08-15,NSW,-31.5812,143.494,2012,8,1.0272547417215885,16.066666666666666,16.08741935483871,16.105666666666668,16.129032258064516,16.15032258064516,16.17892857142857,-0.6735408305760862,-1.1646619269523328,0.8533608302803848,1.0272547417215905
2012-09-15,NSW,-31.5812,143.494,2012,9,0.622266298593239,16.08741935483871,16.105666666666668,16.129032258064516,16.15032258064516,16.17892857142857,16.15838709677419,-0.753837646308768,-0.4688615098736031,0.1007230386485772,0.6222662985932407
2012-10-15,NSW,-31.5812,143.494,2012,10,0.0270722014362695,16.105666666666668,16.129032258064516,16.15032258064516,16.17892857142857,16.15838709677419,16.122333333333334,-0.6904982305976426,0.1709963669884464,-0.4190264816527992,0.027072201436271
2012-11-15,NSW,-31.5812,143.494,2012,11,-0.1919848720236534,16.129032258064516,16.15032258064516,16.17892857142857,16.15838709677419,16.122333333333334,16.129677419354838,-0.4865906670807134,0.8781273145261972,-0.8099878814442215,-0.191984872023652
2012-12-15,NSW,-31.5812,143.494,2012,12,-0.2625105639668488,16.15032258064516,16.17892857142857,16.15838709677419,16.122333333333334,16.129677419354838,16.150666666666666,-0.7529639206953331,1.179279594430474,-0.9999683659798598,-0.2625105639668474
2013-01-15,NSW,-31.5812,143.494,2013,1,-0.3180762606493663,16.17892857142857,16.15838709677419,16.122333333333334,16.129677419354838,16.150666666666666,16.164516129032258,-0.5946526067169899,1.5199033872227488,-1.2214780522223765,-0.3180762606493648
2013-02-15,NSW,-31.5812,143.494,2013,2,-0.2528934241564129,16.15838709677419,16.122333333333334,16.129677419354838,16.150666666666666,16.164516129032258,16.175806451612903,1.265283501773786,1.161745632040991,-0.1970416957493988,-0.2528934241564115
2013-03-15,NSW,-31.5812,143.494,2013,3,0.1040093199197576,16.122333333333334,16.129677419354838,16.150666666666666,16.164516129032258,16.175806451612903,16.183666666666667,-0.5962490259810782,0.4982977426111251,-0.1799250109152477,0.1040093199197591
2013-04-15,NSW,-31.5812,143.494,2013,4,-0.1022249004595863,16.129677419354838,16.150666666666666,16.164516129032258,16.175806451612903,16.183666666666667,16.198709677419355,-0.7931003790346816,-0.1082049640762201,-0.4901956125109143,-0.1022249004595848
2013-05-15,NSW,-31.5812,143.494,2013,5,0.1713292985928075,16.150666666666666,16.164516129032258,16.175806451612903,16.183666666666667,16.198709677419355,16.204285714285714,0.4355232509573167,-0.8901768119557493,0.6465920962105087,0.1713292985928091
2013-06-15,NSW,-31.5812,143.494,2013,6,0.9417690545177152,16.164516129032258,16.175806451612903,16.183666666666667,16.198709677419355,16.204285714285714,16.248666666666665,1.0078793813634728,-1.3802032733252667,1.9022043819867227,0.9417690545177168
2013-07-15,NSW,-31.5812,143.494,2013,7,1.3948431966982433,16.175806451612903,16.183666666666667,16.198709677419355,16.204285714285714,16.248666666666665,16.262903225806454,-0.0927408768802387,-1.2547144105591546,1.2259253779449977,1.394843196698245
2013-08-15,NSW,-31.5812,143.494,2013,8,0.4705292038063641,16.183666666666667,16.198709677419355,16.204285714285714,16.248666666666665,16.262903225806454,16.280357142857145,-0.7570575284625146,-0.8843596988604052,0.1251412387360171,0.4705292038063657
2013-09-15,NSW,-31.5812,143.494,2013,9,-0.293499125578253,16.198709677419355,16.204285714285714,16.248666666666665,16.262903225806454,16.280357142857145,16.30548387096774,-0.3390096491583912,0.003800701427065,-0.5173767851867929,-0.2934991255782516
2013-10-15,NSW,-31.5812,143.494,2013,10,-0.5446133317396304,16.204285714285714,16.248666666666665,16.262903225806454,16.280357142857145,16.30548387096774,16.302666666666667,-0.7426127152953187,0.294549169465243,-0.8866489116957254,-0.544613331739629
2013-11-15,NSW,-31.5812,143.494,2013,11,-0.6845961445359728,16.248666666666665,16.262903225806454,16.280357142857145,16.30548387096774,16.302666666666667,16.294838709677418,-0.8088908518589705,0.7720705124724245,-0.9963551530735196,-0.6845961445359714
2013-12-15,NSW,-31.5812,143.494,2013,12,-0.6386475876638913,16.262903225806454,16.280357142857145,16.30548387096774,16.302666666666667,16.294838709677418,16.294333333333334,-0.4606246436492497,1.3371388493002572,-1.193234486634702,-0.6386475876638898
2014-01-15,NSW,-31.5812,143.494,2014,1,-0.6268933056733589,16.280357142857145,16.30548387096774,16.302666666666667,16.294838709677418,16.294333333333334,16.301612903225806,-0.5172173998293096,1.589344756100211,-1.197810742416421,-0.6268933056733574
2014-02-15,NSW,-31.5812,143.494,2014,2,-0.5959047440619546,16.30548387096774,16.302666666666667,16.294838709677418,16.294333333333334,16.301612903225806,16.31258064516129,0.3315296910177786,1.2776948759421152,-0.7647081660244264,-0.5959047440619532
2014-03-15,NSW,-31.5812,143.494,2014,3,-0.5200361966685172,16.302666666666667,16.294838709677418,16.294333333333334,16.301612903225806,16.31258064516129,16.314,0.1512654046937585,0.7867952893440834,-0.6757989967805003,-0.5200361966685157
2014-04-15,NSW,-31.5812,143.494,2014,4,0.8263633767924864,16.294838709677418,16.294333333333334,16.301612903225806,16.31258064516129,16.314,16.31193548387097,0.9574821209583468,-0.1513699529948118,0.068094612187546,0.8263633767924882
2014-05-15,NSW,-31.5812,143.494,2014,5,1.6619859692103474,16.294333333333334,16.301612903225806,16.31258064516129,16.314,16.31193548387097,16.317333333333334,-0.0454022827786285,-0.8143265699175839,0.5906101977354202,1.6619859692103494
2014-06-15,NSW,-31.5812,143.494,2014,6,1.39056891233805,16.301612903225806,16.31258064516129,16.314,16.31193548387097,16.317333333333334,16.331612903225807,-0.5774214957112962,-1.3700450977127154,1.5738813560948357,1.3905689123380518
2014-07-15,NSW,-31.5812,143.494,2014,7,0.2845978341379396,16.31258064516129,16.314,16.31193548387097,16.317333333333334,16.331612903225807,16.342903225806452,-0.8009989814012586,-1.2907090539310495,0.893245914263107,0.2845978341379411
2014-08-15,NSW,-31.5812,143.494,2014,8,0.2600206990668263,16.314,16.31193548387097,16.317333333333334,16.331612903225807,16.342903225806452,16.356785714285714,0.9095662980862604,-1.0331214801215851,0.5388560990010203,0.2600206990668279
2014-09-15,NSW,-31.5812,143.494,2014,9,0.3647406658915708,16.31193548387097,16.317333333333334,16.331612903225807,16.342903225806452,16.356785714285714,16.362903225806452,0.3816722902649668,-0.3986519694395964,0.0874304225911046,0.3647406658915724
2014-10-15,NSW,-31.5812,143.494,2014,10,0.0452379099670947,16.317333333333334,16.331612903225807,16.342903225806452,16.356785714285714,16.362903225806452,16.370333333333335,-0.7549943278051497,0.2798109942524814,-0.7232299896148647,0.0452379099670962
2014-11-15,NSW,-31.5812,143.494,2014,11,-0.4954590615974032,16.331612903225807,16.342903225806452,16.356785714285714,16.362903225806452,16.370333333333335,16.37677419354839,-0.39438535563789,0.9126771701158714,-1.0237522974728757,-0.4954590615974019
2014-12-15,NSW,-31.5812,143.494,2014,12,-0.5168304833983717,16.342903225806452,16.356785714285714,16.362903225806452,16.370333333333335,16.37677419354839,16.375666666666667,-0.1526954691798194,1.258256116059226,-1.142939300226591,-0.5168304833983702
2015-01-15,NSW,-31.5812,143.494,2015,1,0.1766721540430496,16.356785714285714,16.362903225806452,16.370333333333335,16.37677419354839,16.375666666666667,16.363870967741935,2.5842501390832022,1.1111914580043647,-0.0010860206562353,0.1766721540430511
2015-02-15,NSW,-31.5812,143.494,2015,2,0.4940377677874291,16.362903225806452,16.370333333333335,16.37677419354839,16.375666666666667,16.363870967741935,16.36709677419355,-0.598616097707638,1.1750278541872818,-0.554671381720506,0.4940377677874307
2015-03-15,NSW,-31.5812,143.494,2015,3,0.0783636137585955,16.370333333333335,16.37677419354839,16.375666666666667,16.363870967741935,16.36709677419355,16.367333333333335,-0.7987111236709508,0.5649187606865069,-0.6589805843476737,0.078363613758597
2015-04-15,NSW,-31.5812,143.494,2015,4,0.2162092843748413,16.37677419354839,16.375666666666667,16.363870967741935,16.36709677419355,16.367333333333335,16.377741935483872,0.1890485581595123,-0.5893795880906818,0.1187992081978195,0.2162092843748429
2015-05-15,NSW,-31.5812,143.494,2015,5,0.7034777014369186,16.375666666666667,16.363870967741935,16.36709677419355,16.367333333333335,16.377741935483872,16.383333333333333,0.5673777134130361,-0.8761688463330723,0.9472677094967566,0.7034777014369202
2015-06-15,NSW,-31.5812,143.494,2015,6,1.3211117914849024,16.363870967741935,16.36709677419355,16.367333333333335,16.377741935483872,16.383333333333333,16.392903225806453,1.8438146198407928,-1.566868961565447,1.7616350028216925,1.3211117914849042
2015-07-15,NSW,-31.5812,143.494,2015,7,1.576500282006474,16.36709677419355,16.367333333333335,16.377741935483872,16.383333333333333,16.392903225806453,16.406774193548387,-0.4532088964925255,-1.5536872269774271,1.7359567467517936,1.576500282006476
2015-08-15,NSW,-31.5812,143.494,2015,8,1.3585117796365975,16.367333333333335,16.377741935483872,16.383333333333333,16.392903225806453,16.406774193548387,16.42206896551724,0.0880160592880165,-1.0935993588014647,1.5345956542840098,1.3585117796365993
2015-09-15,NSW,-31.5812,143.494,2015,9,0.253609272526536,16.377741935483872,16.383333333333333,16.392903225806453,16.406774193548387,16.42206896551724,16.433548387096774,-0.7453413065042395,-0.3396814041337494,0.1754093189954846,0.2536092725265375
2015-10-15,NSW,-31.5812,143.494,2015,10,-0.2625105639668488,16.383333333333333,16.392903225806453,16.406774193548387,16.42206896551724,16.433548387096774,16.441333333333333,-0.5568595356540589,0.6498463788216222,-0.6553157034538314,-0.2625105639668474
2015-11-15,NSW,-31.5812,143.494,2015,11,-0.4719504976163383,16.392903225806453,16.406774193548387,16.42206896551724,16.433548387096774,16.441333333333333,16.442258064516132,-0.0133305089282133,0.9676349322615162,-0.6388729721932683,-0.4719504976163369
2015-12-15,NSW,-31.5812,143.494,2015,12,-0.4890476350571129,16.406774193548387,16.42206896551724,16.433548387096774,16.441333333333333,16.442258064516132,16.434,0.1405171908218906,1.3065683010180291,-0.500259001164515,-0.4890476350571115
2016-01-15,NSW,-31.5812,143.494,2016,1,-0.4463047914551762,16.42206896551724,16.433548387096774,16.441333333333333,16.442258064516132,16.434,16.41774193548387,-0.2024590428494191,1.2035305918260193,-0.189804311949243,-0.4463047914551748
2016-02-15,NSW,-31.5812,143.494,2016,2,-0.5349961919291951,16.433548387096774,16.441333333333333,16.442258064516132,16.434,16.41774193548387,16.404193548387095,-0.803248564497897,1.3067715091914185,-0.9828048239991412,-0.5349961919291937
2016-03-15,NSW,-31.5812,143.494,2016,3,-0.2507562819763164,16.441333333333333,16.442258064516132,16.434,16.41774193548387,16.404193548387095,16.363666666666667,-0.3894464648475393,0.7784302583824173,-0.5434385174423237,-0.2507562819763149
2016-04-15,NSW,-31.5812,143.494,2016,4,-0.4548533601755638,16.442258064516132,16.434,16.41774193548387,16.404193548387095,16.363666666666667,16.298709677419353,-0.0126827528578816,0.0273594511989794,-0.4092052427764685,-0.4548533601755624
2016-05-15,NSW,-31.5812,143.494,2016,5,1.0080204621007167,16.434,16.41774193548387,16.404193548387095,16.363666666666667,16.298709677419353,16.202,1.6256810888262363,-0.8246209619980139,1.22565597387585,1.0080204621007185
2016-06-15,NSW,-31.5812,143.494,2016,6,2.644002800964841,16.41774193548387,16.404193548387095,16.363666666666667,16.298709677419353,16.202,16.18,1.245744037928315,-1.3558316908598032,2.082668602673217,2.644002800964844
2016-07-15,NSW,-31.5812,143.494,2016,7,3.393071135088781,16.404193548387095,16.363666666666667,16.298709677419353,16.202,16.18,16.218709677419355,-0.0843015922570148,-1.396741292359465,2.588561969426752,3.393071135088783
2016-08-15,NSW,-31.5812,143.494,2016,8,2.7155970639980858,16.363666666666667,16.298709677419353,16.202,16.18,16.218709677419355,16.255,0.764147782080114,-1.1299244945872242,2.2123622796679103,2.7155970639980875
2016-09-15,NSW,-31.5812,143.494,2016,9,2.298854338879204,16.298709677419353,16.202,16.18,16.218709677419355,16.255,16.280967741935484,3.6809847109087896,-0.8371528770425611,3.057747255668638,2.298854338879205
2016-10-15,NSW,-31.5812,143.494,2016,10,1.1512089881672052,16.202,16.18,16.218709677419355,16.255,16.280967741935484,16.304666666666666,-0.1236184413422755,-0.0969525906069646,0.9539182203005396,1.151208988167207
2016-11-15,NSW,-31.5812,143.494,2016,11,0.3209292511995859,16.18,16.218709677419355,16.255,16.280967741935484,16.304666666666666,16.318387096774195,-0.7117072578679093,0.8422398578831239,-0.054146473149934,0.3209292511995874
2016-12-15,NSW,-31.5812,143.494,2016,12,0.2130035711046959,16.218709677419355,16.255,16.280967741935484,16.304666666666666,16.318387096774195,16.330666666666666,1.6684574341625769,1.071621690614954,0.4938948427060042,0.2130035711046974
2017-01-15,NSW,-31.5812,143.494,2017,1,0.4662549194461703,16.255,16.280967741935484,16.304666666666666,16.318387096774195,16.330666666666666,16.35322580645161,-0.0839614561270889,1.6090872117147612,-0.4459546371722578,0.466254919446172
2017-02-15,NSW,-31.5812,143.494,2017,2,0.0687464739481596,16.280967741935484,16.304666666666666,16.318387096774195,16.330666666666666,16.35322580645161,16.410645161290322,-0.8108967012171492,1.4394932430960323,-0.7665826047811265,0.0687464739481611
2017-03-15,NSW,-31.5812,143.494,2017,3,0.1488893057017909,16.304666666666666,16.318387096774195,16.330666666666666,16.35322580645161,16.410645161290322,16.426333333333336,-0.6269420572603012,1.0848972135906878,-0.7530570090501939,0.1488893057017924
2017-04-15,NSW,-31.5812,143.494,2017,4,0.218346426554938,16.318387096774195,16.330666666666666,16.35322580645161,16.410645161290322,16.426333333333336,16.43903225806452,-0.2037835967888017,-0.0940831125541752,0.3605169449095193,0.2183464265549395
2017-05-15,NSW,-31.5812,143.494,2017,5,0.3476435284507962,16.330666666666666,16.35322580645161,16.410645161290322,16.426333333333336,16.43903225806452,16.45,-0.5312822977924777,-0.857531753859482,0.3723300896899496,0.3476435284507978
2017-06-15,NSW,-31.5812,143.494,2017,6,0.1830835805833406,16.35322580645161,16.410645161290322,16.426333333333336,16.43903225806452,16.45,16.458387096774196,-0.7708606537900953,-1.322367100899429,1.193488775275663,0.1830835805833421
2017-07-15,NSW,-31.5812,143.494,2017,7,-0.0434534905069234,16.410645161290322,16.426333333333336,16.43903225806452,16.45,16.458387096774196,16.470967741935482,-0.4527050602432622,-1.2547345080708074,0.7298760471299028,-0.0434534905069219
2017-08-15,NSW,-31.5812,143.494,2017,8,-0.2924305544882047,16.426333333333336,16.43903225806452,16.45,16.458387096774196,16.470967741935482,16.482499999999998,-0.4317637142422182,-1.0191894384318214,0.1451954830358433,-0.2924305544882033
2017-09-15,NSW,-31.5812,143.494,2017,9,-0.3159391184692697,16.43903225806452,16.45,16.458387096774196,16.470967741935482,16.482499999999998,16.495161290322578,-0.8033544205814357,-0.3492656841357413,-0.6525531011946311,-0.3159391184692682
2017-10-15,NSW,-31.5812,143.494,2017,10,-0.6044533127823422,16.45,16.458387096774196,16.470967741935482,16.482499999999998,16.495161290322578,16.505333333333333,0.7372165323327061,0.3481894280691488,-0.4681145158005679,-0.6044533127823407
2017-11-15,NSW,-31.5812,143.494,2017,11,-0.7444361255786847,16.458387096774196,16.470967741935482,16.482499999999998,16.495161290322578,16.505333333333333,16.517096774193547,-0.4906036415776113,0.814340045593996,-0.3236809377380488,-0.7444361255786832
2017-12-15,NSW,-31.5812,143.494,2017,12,-0.6450590142041817,16.470967741935482,16.482499999999998,16.495161290322578,16.505333333333333,16.517096774193547,16.521333333333335,0.5106844425051028,1.3067179158270037,-0.8779591822270625,-0.6450590142041802
2018-01-15,NSW,-31.5812,143.494,2018,1,-0.7123789928772322,16.482499999999998,16.495161290322578,16.505333333333333,16.517096774193547,16.521333333333335,16.524838709677418,-0.6535660948035302,1.4308825758808197,-1.2084771120383613,-0.7123789928772307
2018-02-15,NSW,-31.5812,143.494,2018,2,-0.7422989833985875,16.495161290322578,16.505333333333333,16.517096774193547,16.521333333333335,16.524838709677418,16.530645161290323,-0.7864230243695262,1.3086763066848248,-1.1563694882069164,-0.742298983398586
2018-03-15,NSW,-31.5812,143.494,2018,3,-0.6397161587539396,16.505333333333333,16.517096774193547,16.521333333333335,16.524838709677418,16.530645161290323,16.539333333333335,0.2075327917902092,0.7477592225419193,-0.9722323985800736,-0.6397161587539382
2018-04-15,NSW,-31.5812,143.494,2018,4,-0.6076590260524871,16.517096774193547,16.521333333333335,16.524838709677418,16.530645161290323,16.539333333333335,16.54612903225806,-0.7380958005122267,0.3788783283644481,-0.9768079073392992,-0.6076590260524857
2018-05-15,NSW,-31.5812,143.494,2018,5,-0.6055218838723905,16.521333333333335,16.524838709677418,16.530645161290323,16.539333333333335,16.54612903225806,16.555333333333333,-0.7469873566971258,-0.9354788362801868,0.0996304984365709,-0.605521883872389
2018-06-15,NSW,-31.5812,143.494,2018,6,-0.5756018933510346,16.524838709677418,16.530645161290323,16.539333333333335,16.54612903225806,16.555333333333333,16.565806451612904,-0.4625224623306672,-1.4084603747104634,0.961251169855535,-0.5756018933510332
2018-07-15,NSW,-31.5812,143.494,2018,7,-0.7551218364791688,16.530645161290323,16.539333333333335,16.54612903225806,16.555333333333333,16.565806451612904,16.578709677419354,-0.8140021016296475,-1.3945953247262162,0.356848747709411,-0.7551218364791674
2018-08-15,NSW,-31.5812,143.494,2018,8,-0.8523618056735746,16.539333333333335,16.54612903225806,16.555333333333333,16.565806451612904,16.578709677419354,16.591428571428573,-0.7389157042793691,-1.017733485365351,-0.0184917978994642,-0.8523618056735732
2018-09-15,NSW,-31.5812,143.494,2018,9,-0.936778921787399,16.54612903225806,16.555333333333333,16.565806451612904,16.578709677419354,16.591428571428573,16.602903225806454,-0.8112722713298054,-0.4142119095733105,-0.7903851362474844,-0.9367789217873976
2018-10-15,NSW,-31.5812,143.494,2018,10,-0.9976874739201592,16.555333333333333,16.565806451612904,16.578709677419354,16.591428571428573,16.602903225806454,16.61766666666667,0.0463374160262308,0.4645830502835045,-0.7585401516093534,-0.9976874739201578
2018-11-15,NSW,-31.5812,143.494,2018,11,-1.0927903009344675,16.565806451612904,16.578709677419354,16.591428571428573,16.602903225806454,16.61766666666667,16.620322580645162,-0.2171052823621825,0.717708976505837,-0.5809748761548866,-1.0927903009344664
2018-12-15,NSW,-31.5812,143.494,2018,12,-1.164384563967712,16.578709677419354,16.591428571428573,16.602903225806454,16.61766666666667,16.620322580645162,16.618333333333332,-0.3505838259525603,1.3414196192825047,-1.1066100195969486,-1.1643845639677106
2019-01-15,NSW,-31.5812,143.494,2019,1,-1.2306359715507136,16.591428571428573,16.602903225806454,16.61766666666667,16.620322580645162,16.618333333333332,16.608709677419355,-0.7220697707542342,1.6749556896315538,-1.37970695255683,-1.2306359715507122
2019-02-15,NSW,-31.5812,143.494,2019,2,-1.1750702748681965,16.602903225806454,16.61766666666667,16.620322580645162,16.618333333333332,16.608709677419355,16.61064516129032,-0.7394903761762439,1.0492553932011623,-1.2072936770329856,-1.175070274868195
2019-03-15,NSW,-31.5812,143.494,2019,3,-1.129121717996114,16.61766666666667,16.620322580645162,16.618333333333332,16.608709677419355,16.61064516129032,16.621333333333332,-0.5439177017557703,0.7351290529959532,-0.9974717556447312,-1.1291217179961126
